INSERT INTO users (id, name, age) VALUES 
    (1, 'a', 17), 
    (2, 'b', 6), 
    (3, 'c', 4),
    (4, 'd', 17), 
    (5, 'e', 6), 
    (6, 'f', 17), 
    (7, 'g', 6), 
    (8, 'h', 4),
    (9, 'i', 17), 
    (10, 'j', 6), 
    (11, 'k', 4),
    (12, 'aa', 17), 
    (13, 'cc', 4),
    (14, 'dd', 17), 
    (15, 'ee', 6), 
    (16, 'ff', 17), 
    (17, 'gg', 6), 
    (18, 'hh', 4),
    (19, 'ii', 17), 
    (20, 'jj', 6);

INSERT INTO projects (id, title, category, funding_goal, start_date, end_date) VALUES 
    (1, "title_1", "aaa", "aaaa", "today", "tomorrow"),
    (2, "title_2", "aaa", "aaaa", "today", "tomorrow"),
    (3, "title_3", "aaa", "aaaa", "today", "tomorrow"),
    (4, "title_4", "aaa", "aaaa", "today", "tomorrow"),
    (5, "title_5", "aaa", "aaaa", "today", "tomorrow"),
    (6, "title_6", "aaa", "aaaa", "today", "tomorrow"),
    (7, "title_7", "aaa", "aaaa", "today", "tomorrow"),
    (8, "title_8", "aaa", "aaaa", "today", "tomorrow"),
    (9, "title_9", "aaa", "aaaa", "today", "tomorrow"),
    (10, "title_10", "aaa", "aaaa", "today", "tomorrow");

INSERT INTO pledges (id, amount, user_id, project_id) VALUES
    (1, 10, 1, 1),
    (2, 20, 1, 1),
    (3, 10, 2, 2),
    (4, 20, 1, 1),
    (5, 10, 1, 1),
    (6, 20, 1, 1),
    (7, 10, 1, 1),
    (8, 20, 1, 1),
    (9, 10, 2, 2),
    (10, 20, 1, 1),
    (11, 10, 1, 1),
    (12, 20, 1, 1),
    (13, 10, 1, 1),
    (14, 20, 3, 3),
    (15, 10, 1, 1),
    (16, 20, 1, 1),
    (17, 10, 1, 1),
    (18, 20, 1, 1),
    (19, 10, 5, 5),
    (20, 20, 1, 1),
    (21, 10, 1, 1),
    (22, 20, 1, 1),
    (23, 10, 6, 6),
    (24, 20, 1, 1),
    (25, 10, 1, 1),
    (26, 20, 1, 1),
    (27, 10, 7, 7),
    (28, 20, 1, 1),
    (29, 10, 1, 1),
    (30, 20, 1, 1);